<?xml version="1.0" encoding="UTF-8"?>
<!DOCTYPE suite PUBLIC "SYSTEM" "http://testng.org/testng-1.0.dtd">
<suite name="testsuite" verbose="1">
    <listeners>
        <listener class-name="core.TestListener"/>
    </listeners>
    <test name="TopCoder_001">
        <classes>
            <class name="testcases.app.topcoder.topcoder_testcases">
                <methods>
                    <include name="Auto_TC_001"/>
                </methods>
            </class>
        </classes>
    </test>
</suite>
