<?xml version="1.0" encoding="UTF-8"?>
<extentreports>
  <configuration>
    <!-- report theme -->
    <!-- standard, dark -->
    <theme>standard</theme>
  
    <!-- document encoding -->
    <!-- defaults to UTF-8 -->
    <encoding>UTF-8</encoding>
    
    <!-- protocol for script and stylesheets -->
    <!-- defaults to https -->
    <protocol>https</protocol>
    
    <!-- title of the document -->
    <documentTitle>ExtentReport 2.41</documentTitle>
    
    <!-- report name - displayed at top-nav -->
    <reportName>TopCoder Report </reportName>
    
    <!-- report headline - displayed at top-nav, after reportHeadline -->
    <reportHeadline></reportHeadline>
    
    <!-- global date format override -->
    <!-- defaults to yyyy-MM-dd -->
    <dateFormat>MM-dd-yyyy</dateFormat>
    
    <!-- global time format override -->
    <!-- defaults to HH:mm:ss -->
    <timeFormat>HH:mm:ss</timeFormat>
       
    <!-- custom javascript -->
    <scripts>
      <![CDATA[
        function toggle_div(id) {
    		var el = document.getElementById(id);
    		if(el.style.display == 'none')
    		   el.style.display = 'block';
    		else
    		   el.style.display = 'none';	
    	}
      ]]>
    </scripts>
    
    <!-- custom styles -->
    <styles>
      <![CDATA[

		
      ]]>
    </styles>
  </configuration>
</extentreports>